Livro,Autor,Link
Stálin ,Stephen Kotkin,https://lelivros.love/book/baixar-livro-stalin-stephen-kotkin-em-pdf-epub-mobi-ou-ler-online/
"Amar, Desamar, Amar de Novo ",Marcos Lacerda,https://lelivros.love/book/baixar-livro-amar-desamar-amar-de-novo-marcos-lacerda-em-pdf-epub-mobi-ou-ler-online/
Introdução ao Pentest ,Daniel Moreno,https://lelivros.love/book/baixar-livro-introducao-ao-pentest-daniel-moreno-em-pdf-epub-mobi-ou-ler-online/
Mais do Que Palavras Podem Dizer ,Brigid Kemmerer,https://lelivros.love/book/baixar-livro-mais-do-que-palavras-podem-dizer-aos-perdidos-com-amor-vol-02-brigid-kemmerer-em-pdf-epub-mobi-ou-ler-online/
Eu Desaparecerei Com A Fria Brisa De Inverno ,Anne Hølt Muller,https://lelivros.love/book/baixar-livro-eu-desaparecerei-com-a-fria-brisa-de-inverno-anne-holt-muller-em-pdf-epub-mobi-ou-ler-online/
As Extraordinárias Cores do Amanhã ,Emily X.R. Pan,https://lelivros.love/book/baixar-livro-as-extraordinarias-cores-do-amanha-emily-x-r-pan-em-pdf-epub-mobi-ou-ler-online/
A Caminho de Casa ,W. Bruce Cameron,https://lelivros.love/book/baixar-livro-a-caminho-de-casa-w-bruce-cameron-em-pdf-epub-mobi-ou-ler-online/
A Ingênua Libertina ,Colette,https://lelivros.love/book/baixar-livro-a-ingenua-libertina-colette-em-pdf-epub-mobi-ou-ler-online/
O Pó do Herdeiro ,Sandra Hempel,https://lelivros.love/book/baixar-livro-o-po-do-herdeiro-sandra-hempel-em-pdf-epub-mobi-ou-ler-online/
Layla ,Colleen Hoover,https://lelivros.love/book/baixar-livro-layla-colleen-hoover-em-pdf-epub-mobi-ou-ler-online/
A Mão Que Te Alimenta ,A. J. Rich,https://lelivros.love/book/baixar-livro-a-mao-que-te-alimenta-a-j-rich-em-pdf-epub-mobi-ou-ler-online/
Você Nasceu Para Isso ,Michelle Sacks,https://lelivros.love/book/baixar-livro-voce-nasceu-para-isso-michelle-sacks-em-pdf-epub-mobi-ou-ler-online/
Samuel Wainer ,Karla Monteiro,https://lelivros.love/book/baixar-livro-samuel-wainer-karla-monteiro-em-pdf-epub-mobi-ou-ler-online/
Franny & Zooey ,J. D. Salinger,https://lelivros.love/book/baixar-livro-franny-zooey-j-d-salinger-em-pdf-epub-mobi-ou-ler-online/
O Retorno ,Nicholas Sparks,https://lelivros.love/book/baixar-livro-o-retorno-nicholas-sparks-em-pdf-epub-mobi-ou-ler-online/
Cartas para Martin ,Nic Stone,https://lelivros.love/book/baixar-livro-cartas-para-martin-nic-stone-em-pdf-epub-mobi-ou-ler-online/
"Morra, Amor ",Ariana Harwicz,https://lelivros.love/book/baixar-livro-morra-amor-ariana-harwicz-em-pdf-epub-mobi-ou-ler-online/
Amor de Pai ,Max Lucado,https://lelivros.love/book/baixar-livro-amor-de-pai-max-lucado-em-pdf-epub-mobi-ou-ler-online/
Trabalhando Com a Inteligência Emocional ,Daniel Goleman,https://lelivros.love/book/baixar-livro-trabalhando-com-a-inteligencia-emocional-daniel-goleman-em-pdf-epub-mobi-ou-ler-online/
O Salvador Mora Ao Lado ,Max Lucado,https://lelivros.love/book/baixar-livro-o-salvador-mora-ao-lado-max-lucado-em-pdf-epub-mobi-ou-ler-online/
O Menino que Sobreviveu ,Rhiannon Navin,https://lelivros.love/book/baixar-livro-o-menino-que-sobreviveu-rhiannon-navin-em-pdf-epub-mobi-ou-ler-online/
Viagem Ao Sobrenatural ,Roger J. Morneau,https://lelivros.love/book/baixar-livro-viagem-ao-sobrenatural-roger-j-morneau-em-pdf-epub-mobi-ou-ler-online/
"O Fim da Ansiedade, o Segredo Bíblico para Livrar-Se das Preocupações ",Max Lucado,https://lelivros.love/book/baixar-livro-o-fim-da-ansiedade-o-segredo-biblico-para-livrar-se-das-preocupacoes-max-lucado-em-pdf-epub-mobi-ou-ler-online/
Os Resgatados ,Ellen G. White,https://lelivros.love/book/baixar-livro-os-resgatados-conflito-vol-5-ellen-g-white-em-pdf-epub-mobi-ou-ler-online/
Os Embaixadores ,Ellen G. White,https://lelivros.love/book/baixar-livro-os-embaixadores-conflito-vol-4-ellen-g-white-em-pdf-epub-mobi-ou-ler-online/
O Libertador ,Ellen G. White,https://lelivros.love/book/baixar-livro-o-libertador-conflito-vol-3-ellen-g-white-em-pdf-epub-mobi-ou-ler-online/
O Moleque Ricardo ,José Lins do Rego,https://lelivros.love/book/baixar-livro-o-moleque-ricardo-jose-lins-do-rego-em-pdf-epub-mobi-ou-ler-online/
Do Sábado para o Domingo ,Carlyle B. Haynes,https://lelivros.love/book/baixar-livro-do-sabado-para-o-domingo-carlyle-b-haynes-em-pdf-epub-mobi-ou-ler-online/
O Corpo Em que Nasci ,Guadalupe Nettel,https://lelivros.love/book/baixar-livro-o-corpo-em-que-nasci-guadalupe-nettel-em-pdf-epub-mobi-ou-ler-online/
As Coisas que Perdemos No Fogo ,Mariana Enriquez,https://lelivros.love/book/baixar-livro-as-coisas-que-perdemos-no-fogo-mariana-enriquez-em-pdf-epub-mobi-ou-ler-online/
Era um Garoto: o Soldado Brasileiro de Hitler ,Tarcísio Badaró,https://lelivros.love/book/baixar-livro-era-um-garoto-o-soldado-brasileiro-de-hitler-uma-historia-real-tarcisio-badaro-em-pdf-epub-mobi-ou-ler-online/
Cães Velhos Em Pedra Fria: uma Fantasia Sobre a Dor Humana ,Israel de Sá,https://lelivros.love/book/baixar-livro-caes-velhos-em-pedra-fria-uma-fantasia-sobre-a-dor-humana-israel-de-sa-em-pdf-epub-mobi-ou-ler-online/
Fundação ,Isaac Asimov,https://lelivros.love/book/baixar-livro-fundacao-isaac-asimov-em-pdf-epub-mobi-ou-ler-online/
História da Arte em 20 Lições ,João Ricaldes,https://lelivros.love/book/baixar-livro-historia-da-arte-em-20-licoes-joao-ricaldes-em-pdf-epub-mobi-ou-ler-online/
A montanha ,Lori Lansens,https://lelivros.love/book/baixar-livro-a-montanha-lori-lansens-em-pdf-epub-mobi-ou-ler-online/
Paris para um e outros Contos ,Jojo Moyes,https://lelivros.love/book/baixar-livro-paris-para-um-e-outros-contos-jojo-moyes-em-pdf-epub-mobi-ou-ler-online/
Enclausurado ,Ian McEwan,https://lelivros.love/book/baixar-livro-enclausurado-ian-mcewan-em-pdf-epub-mobi-ou-ler-online/
Transtornando o mundo ,John Crotts,https://lelivros.love/book/baixar-livro-transtornando-o-mundo-john-crotts-em-pdf-epub-mobi-ou-ler-online/
Hoje vai ser diferente ,Maria Semple,https://lelivros.love/book/baixar-livro-hoje-vai-ser-diferente-maria-semple-em-pdf-epub-mobi-ou-ler-online/
Vulgo Grace ,Margaret Atwood,https://lelivros.love/book/baixar-livro-vulgo-grace-margaret-atwood-em-pdf-epub-mobi-ou-ler-online/
Beautiful Burn ,Jamie McGuire,https://lelivros.love/book/baixar-livro-beautiful-burn-jamie-mcguire-em-pdf-epub-mobi-ou-ler-online/
A máscara de prata ,Holly Black,https://lelivros.love/book/baixar-livro-a-mascara-de-prata-magisterium-vol-4-holly-black-em-pdf-epub-mobi-ou-ler-online/
História da vida ,Edmac Lima Trigueiro,https://lelivros.love/book/baixar-livro-historia-da-vida-edmac-lima-trigueiro-em-pdf-epub-mobi-ou-ler-online/
Histórias de ninar para garotas rebeldes: 100 fábulas sobre mulheres extraordinárias ,Elena Favilli,https://lelivros.love/book/baixar-livro-historias-de-ninar-para-garotas-rebeldes-100-fabulas-sobre-mulheres-extraordinarias-elena-favilli-em-pdf-epub-mobi-ou-ler-online/
Eu Vejo Kate: A História de um Serial Killer ,Cláudia Lemes,https://lelivros.love/book/baixar-livro-eu-vejo-kate-a-historia-de-um-serial-killer-claudia-lemes-em-pdf-epub-mobi-ou-ler-online/
"Mãos limpas, coração quente ",Esther Rodrigues,https://lelivros.love/book/baixar-livro-maos-limpas-coracao-quente-esther-rodrigues-em-pdf-epub-mobi-ou-ler-online/
Nossa música ,Dani Atkins,https://lelivros.love/book/baixar-livro-nossa-musica-dani-atkins-em-pdf-epub-mobi-ou-ler-online/
História do universo ,Edmac Trigueiro,https://lelivros.love/book/baixar-livro-historia-do-universo-edmac-trigueiro-em-pdf-epub-mobi-ou-ler-online/
Manual do CEO Moderno ,Damrong Pinkoon,https://lelivros.love/book/baixar-livro-manual-do-ceo-moderno-damrong-pinkoon-em-pdf-epub-mobi-ou-ler-online/
Clássicos Do Mundo Corporativo ,Max Gehringer,https://lelivros.love/book/baixar-livro-classicos-do-mundo-corporativo-max-gehringer-em-pdf-epub-mobi-ou-ler-online/
Quem Mexeu no meu Trema? ,Max Gehringer,https://lelivros.love/book/baixar-livro-quem-mexeu-no-meu-trema-max-gehringer-em-pdf-epub-mobi-ou-ler-online/
Fabrizio Fasano ,Ignácio de Loyola Brandão,https://lelivros.love/book/baixar-livro-fabrizio-fasano-colecionador-de-sonhos-ignacio-de-loyola-brandao-em-pdf-epub-mobi-ou-ler-online/
Frozen ,Melissa de La Cruz,https://lelivros.love/book/baixar-livro-frozen-melissa-de-la-cruz-em-pdf-epub-mobi-ou-ler-online/
O Estranho ,Kyra Davis,https://lelivros.love/book/baixar-livro-o-estranho-kyra-davis-em-pdf-epub-mobi-ou-ler-online/
Morte e Vida no K2 ,Graham Bowley,https://lelivros.love/book/baixar-livro-morte-e-vida-no-k2-graham-bowley-em-pdf-epub-mobi-ou-ler-online/
Reviravolta ,Michael Connelly,https://lelivros.love/book/baixar-livro-reviravolta-michael-connelly-em-pdf-epub-mobi-ou-ler-online/
A Chama Dentro de Nós ,Brittainy C. Cherry,https://lelivros.love/book/baixar-livro-a-chama-dentro-de-nos-brittainy-c-cherry-em-pdf-epub-mobi-ou-ler-online/
Anatomia de Uma Derrota ,Paulo Perdigão,https://lelivros.love/book/baixar-livro-anatomia-de-uma-derrota-paulo-perdigao-em-pdf-epub-mobi-ou-ler-online/
Desejo Soberano ,Margaret Moore,https://lelivros.love/book/baixar-livro-desejo-soberano-margaret-moore-em-pdf-epub-mobi-ou-ler-online/
A Revolução 80/20 ,Richard Koch,https://lelivros.love/book/baixar-livro-a-revolucao-8020-o-poder-da-escolha-richard-koch-em-pdf-epub-mobi-ou-ler-online/
O Átomo e seus Mistérios ,Isaac Asimov,https://lelivros.love/book/baixar-livro-o-atomo-e-seus-misterios-isaac-asimov-em-pdf-epub-mobi-ou-ler-online/
Beijada por um Anjo ,Elizabeth Chandler,https://lelivros.love/book/baixar-livro-beijada-por-um-anjo-vol-01-elizabeth-chandler-em-pdf-epub-mobi-ou-ler-online/
Um Inimigo em Cada Esquina ,Raul Drewnick,https://lelivros.love/book/baixar-livro-um-inimigo-em-cada-esquina-raul-drewnick-em-pdf-epub-mobi-ou-ler-online/
O Jardim das Cerejeiras Seguido de Tio Vânia ,Anton Tchekhov,https://lelivros.love/book/baixar-livro-o-jardim-das-cerejeiras-seguido-de-tio-vania-anton-tchekhov-em-pdf-epub-mobi-ou-ler-online/
